username,prize
0000,$10 store credit
0000,$10 store credit
0000,$10 store credit
0000,$10 store credit
0000,$10 store credit
0000,$10 store credit
0000,$10 store credit
0000,$10 store credit
0000,$25 store credit
0000,$25 store credit
0000,$25 store credit
0000,$5 store credit
0000,$5 store credit
0000,$5 store credit
0000,$5 store credit
0000,$5 store credit
0000,$5 store credit
1of1_sportscards,$10 store credit
1of1_sportscards,$5 store credit
1of1_sportscards,$5 store credit
1of1_sportscards,$5 store credit
1of1_sportscards,$5 store credit
1of1_sportscards,$5 store credit
2048,$10 store credit
2048,$10 store credit
2048,$10 store credit
2048,$10 store credit
2048,$10 store credit
2048,$10 store credit
2048,$25 store credit
2048,$5 store credit
2048,$5 store credit
2048,$5 store credit
2048,$5 store credit
2048,$5 store credit
2048,$5 store credit
2048,$5 store credit
aaron,$10 store credit
aaron,$25 store credit
aaron,$5 store credit
aaron,$5 store credit
aaronahaddad,$5 store credit
aaronahaddad,$5 store credit
accordingtohen,$10 store credit
accordingtohen,$10 store credit
accordingtohen,$25 store credit
accordingtohen,$25 store credit
accordingtohen,$25 store credit
accordingtohen,$25 store credit
accordingtohen,$25 store credit
accordingtohen,$5 store credit
accordingtohen,$5 store credit
accordingtohen,$5 store credit
accordingtohen,$5 store credit
accordingtohen,$5 store credit
accordingtohen,$5 store credit
accordingtohen,$5 store credit
accordingtohen,$5 store credit
accordingtohen,$5 store credit
accordingtohen,$5 store credit
accordingtohen,$5 store credit
acebright86,$500 usdc
akicks,$25 store credit
akicks,$5 store credit
akicks,$5 store credit
alphablok,$10 store credit
alphablok,$10 store credit
alphablok,$10 store credit
alphablok,$10 store credit
alphablok,$10 store credit
alphablok,$10 store credit
alphablok,$10 store credit
alphablok,$10 store credit
alphablok,$10 store credit
alphablok,$10 store credit
alphablok,$10 store credit
alphablok,$10 store credit
alphablok,$10 store credit
alphablok,$10 store credit
alphablok,$10 store credit
alphablok,$10 store credit
alphablok,$10 store credit
alphablok,$10 store credit
alphablok,$10 store credit
alphablok,$10 store credit
alphablok,$10 store credit
alphablok,$10 store credit
alphablok,$10 store credit
alphablok,$10 store credit
alphablok,$10 store credit
alphablok,$10 store credit
alphablok,$10 store credit
alphablok,$10 store credit
alphablok,$10 store credit
alphablok,$10 store credit
alphablok,$10 store credit
alphablok,$10 store credit
alphablok,$10 store credit
alphablok,$10 store credit
alphablok,$10 store credit
alphablok,$10 store credit
alphablok,$10 store credit
alphablok,$10 store credit
alphablok,$10 store credit
alphablok,$10 store credit
alphablok,$10 store credit
alphablok,$10 store credit
alphablok,$10 store credit
alphablok,$10 store credit
alphablok,$10 store credit
alphablok,$10 store credit
alphablok,$10 store credit
alphablok,$10 store credit
alphablok,$10 store credit
alphablok,$10 store credit
alphablok,$10 store credit
alphablok,$10 store credit
alphablok,$10 store credit
alphablok,$10 store credit
alphablok,$10 store credit
alphablok,$10 store credit
alphablok,$1000 usdc
alphablok,$25 store credit
alphablok,$25 store credit
alphablok,$25 store credit
alphablok,$25 store credit
alphablok,$25 store credit
alphablok,$25 store credit
alphablok,$25 store credit
alphablok,$25 store credit
alphablok,$25 store credit
alphablok,$25 store credit
alphablok,$25 store credit
alphablok,$25 store credit
alphablok,$25 store credit
alphablok,$25 store credit
alphablok,$25 store credit
alphablok,$25 store credit
alphablok,$25 store credit
alphablok,$25 store credit
alphablok,$25 store credit
alphablok,$25 store credit
alphablok,$25 store credit
alphablok,$25 store credit
alphablok,$25 store credit
alphablok,$25 store credit
alphablok,$25 store credit
alphablok,$25 store credit
alphablok,$25 store credit
alphablok,$25 store credit
alphablok,$25 store credit
alphablok,$25 store credit
alphablok,$25 store credit
alphablok,$25 store credit
alphablok,$5 store credit
alphablok,$5 store credit
alphablok,$5 store credit
alphablok,$5 store credit
alphablok,$5 store credit
alphablok,$5 store credit
alphablok,$5 store credit
alphablok,$5 store credit
alphablok,$5 store credit
alphablok,$5 store credit
alphablok,$5 store credit
alphablok,$5 store credit
alphablok,$5 store credit
alphablok,$5 store credit
alphablok,$5 store credit
alphablok,$5 store credit
alphablok,$5 store credit
alphablok,$5 store credit
alphablok,$5 store credit
alphablok,$5 store credit
alphablok,$5 store credit
alphablok,$5 store credit
alphablok,$5 store credit
alphablok,$5 store credit
alphablok,$5 store credit
alphablok,$5 store credit
alphablok,$5 store credit
alphablok,$5 store credit
alphablok,$5 store credit
alphablok,$5 store credit
alphablok,$5 store credit
alphablok,$5 store credit
alphablok,$5 store credit
alphablok,$5 store credit
alphablok,$5 store credit
alphablok,$5 store credit
alphablok,$5 store credit
alphablok,$5 store credit
alphablok,$5 store credit
alphablok,$5 store credit
alphablok,$5 store credit
alphablok,$5 store credit
alphablok,$5 store credit
alphablok,$5 store credit
alphablok,$5 store credit
alphablok,$5 store credit
alphablok,$5 store credit
alphablok,$5 store credit
alphablok,$5 store credit
alphablok,$5 store credit
alphablok,$5 store credit
alphablok,$5 store credit
alphablok,$5 store credit
alphablok,$5 store credit
alphablok,$5 store credit
alphablok,$5 store credit
alphablok,$5 store credit
alphablok,$5 store credit
alphablok,$5 store credit
alphablok,$5 store credit
alphablok,$5 store credit
alphablok,$5 store credit
alphablok,$5 store credit
alphablok,$5 store credit
alphablok,$5 store credit
alphablok,$5 store credit
alphablok,$5 store credit
alphablok,$5 store credit
alphablok,$5 store credit
alphablok,$5 store credit
alphablok,$5 store credit
alphablok,$5 store credit
alphablok,$5 store credit
alphablok,$5 store credit
alphablok,$5 store credit
alphablok,$5 store credit
alphablok,$5 store credit
alphablok,$5 store credit
alphablok,$5 store credit
alphablok,$5 store credit
alphablok,$5 store credit
alphablok,$5 store credit
alphablok,$5 store credit
alphablok,$5 store credit
alphablok,$5 store credit
alphablok,$5 store credit
alphablok,$5 store credit
alphablok,$5 store credit
alphablok,$5 store credit
alphablok,$5 store credit
alphablok,$50 usdc
alphafive,$25 store credit
andrewgarrett41,$5 store credit
andrewgarrett41,$5 store credit
andrewgarrett41,$5 store credit
andrewgarrett41,$5 store credit
andrewgarrett41,$5 store credit
andtercel,$10 store credit
andtercel,$5 store credit
antimatter,$5 store credit
autom8ed,$10 store credit
balward,$10 store credit
balward,$10 store credit
balward,$10 store credit
balward,$25 store credit
balward,$5 store credit
balward,$5 store credit
balward,$5 store credit
bbv00248,$10 store credit
bbv00248,$10 store credit
bbv00248,$25 store credit
bbv00248,$25 store credit
bbv00248,$5 store credit
bbv00248,$5 store credit
bbv00248,$5 store credit
bennyz,$10 store credit
bennyz,$10 store credit
bennyz,$5 store credit
bennyz,$5 store credit
bennyz,$5 store credit
bennyz,$5 store credit
bennyz,$5 store credit
bennyz,$5 store credit
big_bees,$10 store credit
big_bees,$10 store credit
big_bees,$25 store credit
big_bees,$5 store credit
big_bees,$5 store credit
big_bees,$5 store credit
big_bees,$5 store credit
big_bees,$5 store credit
big_bees,$5 store credit
big_bees,$5 store credit
big_bees,$50 usdc
bigdobs,$10 store credit
bigdobs,$10 store credit
bigdobs,$10 store credit
bigdobs,$10 store credit
bigdobs,$10 store credit
bigdobs,$10 store credit
bigdobs,$10 store credit
bigdobs,$10 store credit
bigdobs,$10 store credit
bigdobs,$10 store credit
bigdobs,$10 store credit
bigdobs,$125 usdc
bigdobs,$25 store credit
bigdobs,$25 store credit
bigdobs,$25 store credit
bigdobs,$25 store credit
bigdobs,$25 store credit
bigdobs,$25 store credit
bigdobs,$25 store credit
bigdobs,$25 store credit
bigdobs,$5 store credit
bigdobs,$5 store credit
bigdobs,$5 store credit
bigdobs,$5 store credit
bigdobs,$5 store credit
bigdobs,$5 store credit
bigdobs,$5 store credit
bigdobs,$5 store credit
bigdobs,$5 store credit
bigdobs,$5 store credit
bigdobs,$5 store credit
bigdobs,$5 store credit
bigdobs,$5 store credit
bigdobs,$5 store credit
bigdobs,$5 store credit
bigdobs,$5 store credit
bigdobs,$5 store credit
bigdobs,$5 store credit
bigdobs,$5 store credit
bigdobs,$5 store credit
bigdobs,$5 store credit
bigdobs,$5 store credit
bigdobs,$5 store credit
bigdobs,$5 store credit
bigdobs,$5 store credit
billcot,$10 store credit
billcot,$10 store credit
billcot,$10 store credit
billcot,$10 store credit
billcot,$10 store credit
billcot,$10 store credit
billcot,$10 store credit
billcot,$10 store credit
billcot,$10 store credit
billcot,$10 store credit
billcot,$10 store credit
billcot,$10 store credit
billcot,$10 store credit
billcot,$10 store credit
billcot,$10 store credit
billcot,$10 store credit
billcot,$150 usdc
billcot,$25 store credit
billcot,$25 store credit
billcot,$25 store credit
billcot,$25 store credit
billcot,$25 store credit
billcot,$5 store credit
billcot,$5 store credit
billcot,$5 store credit
billcot,$5 store credit
billcot,$5 store credit
billcot,$5 store credit
billcot,$5 store credit
billcot,$5 store credit
billcot,$5 store credit
billcot,$5 store credit
billcot,$5 store credit
billcot,$5 store credit
billcot,$5 store credit
billcot,$5 store credit
billcot,$5 store credit
billcot,$5 store credit
billcot,$5 store credit
billcot,$5 store credit
billcot,$5 store credit
billcot,$5 store credit
billcot,$5 store credit
billcot,$5 store credit
billcot,$5 store credit
billcot,$5 store credit
billcot,$5 store credit
billfd,$10 store credit
billfd,$10 store credit
billfd,$5 store credit
billfd,$5 store credit
billfd,$5 store credit
birdman03,$25 store credit
birdman03,$5 store credit
birdman03,$5 store credit
bjamps,$10 store credit
bjamps,$10 store credit
bjamps,$10 store credit
bjamps,$10 store credit
bjamps,$10 store credit
bjamps,$10 store credit
bjamps,$10 store credit
bjamps,$10 store credit
bjamps,$10 store credit
bjamps,$10 store credit
bjamps,$10 store credit
bjamps,$10 store credit
bjamps,$10 store credit
bjamps,$10 store credit
bjamps,$10 store credit
bjamps,$10 store credit
bjamps,$10 store credit
bjamps,$10 store credit
bjamps,$10 store credit
bjamps,$10 store credit
bjamps,$10 store credit
bjamps,$25 store credit
bjamps,$25 store credit
bjamps,$25 store credit
bjamps,$25 store credit
bjamps,$25 store credit
bjamps,$25 store credit
bjamps,$5 store credit
bjamps,$5 store credit
bjamps,$5 store credit
bjamps,$5 store credit
bjamps,$5 store credit
bjamps,$5 store credit
bjamps,$5 store credit
bjamps,$5 store credit
bjamps,$5 store credit
bjamps,$5 store credit
bjamps,$5 store credit
bjamps,$5 store credit
bjamps,$5 store credit
bjamps,$5 store credit
bjamps,$5 store credit
bjamps,$5 store credit
bjamps,$5 store credit
bjamps,$5 store credit
bjamps,$5 store credit
bjamps,$5 store credit
bjamps,$5 store credit
bjamps,$5 store credit
bjamps,$5 store credit
bjamps,$5 store credit
bjamps,$5 store credit
bjamps,$5 store credit
bjamps,$5 store credit
bjamps,$5 store credit
bjamps,$5 store credit
bjamps,$5 store credit
bjamps,$5 store credit
bjamps,$5 store credit
bjamps,$5 store credit
bjamps,$5 store credit
bjamps,$5 store credit
bjamps,$5 store credit
bjamps,$5 store credit
bjamps,$5 store credit
bjamps,$5 store credit
bjamps,$5 store credit
bjamps,$5 store credit
bjamps,$5 store credit
bjamps,$5 store credit
bjamps,$5 store credit
bluetitans19,$10 store credit
bluetitans19,$10 store credit
bluetitans19,$5 store credit
bluetitans19,$5 store credit
bluetitans19,$5 store credit
bmw1909,$10 store credit
bmw1909,$10 store credit
bmw1909,$10 store credit
bmw1909,$10 store credit
bmw1909,$10 store credit
bmw1909,$10 store credit
bmw1909,$10 store credit
bmw1909,$10 store credit
bmw1909,$10 store credit
bmw1909,$10 store credit
bmw1909,$10 store credit
bmw1909,$10 store credit
bmw1909,$10 store credit
bmw1909,$10 store credit
bmw1909,$10 store credit
bmw1909,$10 store credit
bmw1909,$10 store credit
bmw1909,$25 store credit
bmw1909,$25 store credit
bmw1909,$25 store credit
bmw1909,$25 store credit
bmw1909,$25 store credit
bmw1909,$250 usdc
bmw1909,$5 store credit
bmw1909,$5 store credit
bmw1909,$5 store credit
bmw1909,$5 store credit
bmw1909,$5 store credit
bmw1909,$5 store credit
bmw1909,$5 store credit
bmw1909,$5 store credit
bmw1909,$5 store credit
bmw1909,$5 store credit
bmw1909,$5 store credit
bmw1909,$5 store credit
bmw1909,$50 usdc
bpfergu,$10 store credit
bpfergu,$10 store credit
bpfergu,$10 store credit
bpfergu,$10 store credit
bpfergu,$10 store credit
bpfergu,$25 store credit
bpfergu,$5 store credit
bpfergu,$5 store credit
bpfergu,$5 store credit
bpfergu,$5 store credit
bpfergu,$5 store credit
bpfergu,$5 store credit
bpfergu,$5 store credit
bpfergu,$5 store credit
bpfergu,$5 store credit
bpfergu,$5 store credit
bpfergu,$5 store credit
bpfergu,$5 store credit
bpfergu,$5 store credit
bpfergu,$5 store credit
bpfergu,$5 store credit
bpfergu,$5 store credit
bpfergu,$5 store credit
bpfergu,$5 store credit
bpfergu,$5 store credit
brftw,$10 store credit
brftw,$10 store credit
brftw,$25 store credit
brftw,$25 store credit
brftw,$25 store credit
brftw,$5 store credit
brftw,$5 store credit
brian,$25 store credit
brian,$5 store credit
brian,$5 store credit
bsusko,$10 store credit
bsusko,$25 store credit
bsusko,$5 store credit
bsusko,$5 store credit
bsusko,$5 store credit
bsusko,$5 store credit
bsusko,$5 store credit
bsusko,$500 usdc
byuofu,$10 store credit
byuofu,$5 store credit
byuofu,$5 store credit
byuofu,$5 store credit
carofine,$5 store credit
centerpiece,$10 store credit
centerpiece,$10 store credit
centerpiece,$10 store credit
centerpiece,$25 store credit
centerpiece,$5 store credit
centerpiece,$5 store credit
centerpiece,$5 store credit
charlotteann,$10 store credit
charlotteann,$25 store credit
charlotteann,$25 store credit
charlotteann,$25 store credit
charlotteann,$5 store credit
charlotteann,$5 store credit
charlotteann,$5 store credit
charlotteann,$5 store credit
charlotteann,$5 store credit
charlotteann,$5 store credit
chgolitigator,$10 store credit
chgolitigator,$10 store credit
chgolitigator,$10 store credit
chgolitigator,$10 store credit
chgolitigator,$1000 usdc
chgolitigator,$5 store credit
chgolitigator,$5 store credit
chgolitigator,$5 store credit
chgolitigator,$5 store credit
chgolitigator,$5 store credit
chgolitigator,$5 store credit
chgolitigator,$5 store credit
chicagows213,$10 store credit
chicagows213,$25 store credit
chicagows213,$5 store credit
chicagows213,$5 store credit
cloud,$10 store credit
cloud,$5 store credit
cloud,$5 store credit
co-d,$5 store credit
college31,$10 store credit
college31,$10 store credit
college31,$10 store credit
college31,$10 store credit
college31,$10 store credit
college31,$5 store credit
college31,$5 store credit
college31,$5 store credit
college31,$5 store credit
college31,$5 store credit
college31,$5 store credit
college31,$5 store credit
coloradoboy2,$5 store credit
cookemnstr22,$5 store credit
cookiemonster,$10 store credit
cph626,$10 store credit
cph626,$10 store credit
cph626,$10 store credit
cph626,$10 store credit
cph626,$10 store credit
cph626,$10 store credit
cph626,$10 store credit
cph626,$10 store credit
cph626,$10 store credit
cph626,$10 store credit
cph626,$10 store credit
cph626,$10 store credit
cph626,$10 store credit
cph626,$10 store credit
cph626,$25 store credit
cph626,$25 store credit
cph626,$25 store credit
cph626,$25 store credit
cph626,$25 store credit
cph626,$25 store credit
cph626,$25 store credit
cph626,$5 store credit
cph626,$5 store credit
cph626,$5 store credit
cph626,$5 store credit
cph626,$5 store credit
cph626,$5 store credit
cph626,$5 store credit
cph626,$5 store credit
cph626,$5 store credit
cph626,$5 store credit
cph626,$5 store credit
cph626,$5 store credit
cph626,$5 store credit
cph626,$5 store credit
cph626,$5 store credit
cph626,$5 store credit
cph626,$5 store credit
cph626,$5 store credit
cph626,$5 store credit
cph626,$5 store credit
cph626,$5 store credit
cph626,$5 store credit
cph626,$5 store credit
cph626,$5 store credit
cph626,$5 store credit
cph626,$5 store credit
cph626,$5 store credit
cph626,$5 store credit
cph626,$5 store credit
cph626,$5 store credit
crispjb,$10 store credit
crispjb,$10 store credit
crispjb,$10 store credit
crispjb,$25 store credit
crispjb,$5 store credit
crispjb,$5 store credit
crispjb,$5 store credit
crispjb,$5 store credit
crispjb,$5 store credit
crispjb,$5 store credit
crispjb,$5000 usdc
crypt_ovo,$10 store credit
crypt_ovo,$25 store credit
crypt_ovo,$5 store credit
cryptoblogger,$10 store credit
cryptoblogger,$10 store credit
cryptoblogger,$10 store credit
cryptoblogger,$10 store credit
cryptoblogger,$10 store credit
cryptoblogger,$10 store credit
cryptoblogger,$10 store credit
cryptoblogger,$10 store credit
cryptoblogger,$10 store credit
cryptoblogger,$10 store credit
cryptoblogger,$10 store credit
cryptoblogger,$10 store credit
cryptoblogger,$25 store credit
cryptoblogger,$25 store credit
cryptoblogger,$25 store credit
cryptoblogger,$25 store credit
cryptoblogger,$25 store credit
cryptoblogger,$25 store credit
cryptoblogger,$25 store credit
cryptoblogger,$5 store credit
cryptoblogger,$5 store credit
cryptoblogger,$5 store credit
cryptoblogger,$5 store credit
cryptoblogger,$5 store credit
cryptoblogger,$5 store credit
cryptoblogger,$5 store credit
cryptoblogger,$5 store credit
cryptoblogger,$5 store credit
cryptoblogger,$5 store credit
cryptoblogger,$5 store credit
cryptoblogger,$5 store credit
cryptoblogger,$5 store credit
cryptoblogger,$5 store credit
cryptoblogger,$5 store credit
cryptoblogger,$5 store credit
cryptoblogger,$5 store credit
cryptoblogger,$5 store credit
cryptoblogger,$5 store credit
cryptoblogger,$5 store credit
cryptoblogger,$5 store credit
cryptoblogger,$5 store credit
cryptoblogger,$5 store credit
cryptoblogger,$5 store credit
cryptoblogger,$5 store credit
cryptoblogger,$5 store credit
cryptoblogger,$5 store credit
cryptoblogger,$5 store credit
cryptoblogger,$5 store credit
cryptoblogger,$5 store credit
dangersc,$10 store credit
dangersc,$10 store credit
dangersc,$10 store credit
dangersc,$25 store credit
dangersc,$25 store credit
dangersc,$5 store credit
dangersc,$5 store credit
dangersc,$5 store credit
dangersc,$5 store credit
dangersc,$5 store credit
dangersc,$5 store credit
dangersc,$5 store credit
dangersc,$5 store credit
dangersc,$5 store credit
danielblakely,$10 store credit
danielblakely,$25 store credit
davbruce21,$25 store credit
davbruce21,$5 store credit
davbruce21,$5 store credit
davejr81,$5 store credit
davejr81,$5 store credit
davejr81,$5 store credit
daveliz55,$10 store credit
daveliz55,$10 store credit
daveliz55,$10 store credit
daveliz55,$10 store credit
daveliz55,$1000 usdc
daveliz55,$25 store credit
daveliz55,$25 store credit
daveliz55,$25 store credit
daveliz55,$25 store credit
daveliz55,$5 store credit
daveliz55,$5 store credit
daveliz55,$5 store credit
daveliz55,$5 store credit
daveliz55,$5 store credit
daveliz55,$5 store credit
daveliz55,$5 store credit
daveliz55,$5 store credit
davidpatrick08,$10 store credit
davidpatrick08,$10 store credit
davidpatrick08,$10 store credit
davidpatrick08,$25 store credit
davidpatrick08,$25 store credit
davidpatrick08,$25 store credit
davidpatrick08,$5 store credit
davidpatrick08,$5 store credit
davidpatrick08,$5 store credit
davidpatrick08,$5 store credit
davidpatrick08,$5 store credit
davidpatrick08,$5 store credit
davidpatrick08,$5 store credit
deleonlakers2000,$10 store credit
deleonlakers2000,$25 store credit
deleonlakers2000,$25 store credit
deleonlakers2000,$25 store credit
deleonlakers2000,$25 store credit
deleonlakers2000,$25 store credit
deleonlakers2000,$5 store credit
deleonlakers2000,$5 store credit
deleonlakers2000,$5 store credit
deleonlakers2000,$5 store credit
deleonlakers2000,$5 store credit
dfeog,$5 store credit
dfeog,$5 store credit
dhoovey,$25 store credit
dhoovey,$5 store credit
doctabre,$10 store credit
doctabre,$5 store credit
dog29,$10 store credit
donk3ykong81,$10 store credit
donk3ykong81,$10 store credit
donk3ykong81,$10 store credit
donk3ykong81,$5 store credit
donk3ykong81,$5 store credit
donk3ykong81,$5 store credit
donk3ykong81,$5 store credit
donk3ykong81,$5 store credit
drcrazy,$10 store credit
drcrazy,$5 store credit
drcrazy,$5 store credit
drcrazy,$5 store credit
drpineapplez,$5 store credit
dstix11,$5 store credit
dublin17,$25 store credit
el_camino,$5 store credit
eldun,$5 store credit
epsilondelta1203,$10 store credit
epsilondelta1203,$10 store credit
epsilondelta1203,$10 store credit
epsilondelta1203,$5 store credit
epsilondelta1203,$5 store credit
epsilondelta1203,$5 store credit
epsilondelta1203,$5 store credit
epsilondelta1203,$5 store credit
epsilondelta1203,$5 store credit
esotericpa,$10 store credit
esotericpa,$10 store credit
esotericpa,$125 usdc
esotericpa,$25 store credit
esotericpa,$5 store credit
esotericpa,$5 store credit
esotericpa,$5 store credit
esotericpa,$5 store credit
esotericpa,$5 store credit
eze-e312,$10 store credit
eze-e312,$10 store credit
eze-e312,$10 store credit
eze-e312,$10 store credit
eze-e312,$10 store credit
eze-e312,$10 store credit
eze-e312,$10 store credit
eze-e312,$25 store credit
eze-e312,$5 store credit
eze-e312,$5 store credit
eze-e312,$5 store credit
eze-e312,$5 store credit
eze-e312,$5 store credit
floreski,$5 store credit
flyingninja,$10 store credit
flyingninja,$10 store credit
flyingninja,$10 store credit
flyingninja,$10 store credit
flyingninja,$5 store credit
flyingninja,$5 store credit
flyingninja,$5 store credit
flyingninja,$5 store credit
flyingninja,$5 store credit
galileo,$10 store credit
galileo,$10 store credit
galileo,$10 store credit
galileo,$10 store credit
galileo,$10 store credit
galileo,$10 store credit
galileo,$10 store credit
galileo,$10 store credit
galileo,$25 store credit
galileo,$25 store credit
galileo,$25 store credit
galileo,$25 store credit
galileo,$25 store credit
galileo,$5 store credit
galileo,$5 store credit
galileo,$5 store credit
galileo,$5 store credit
galileo,$5 store credit
galileo,$5 store credit
gamerchick39,$10 store credit
gamerchick39,$25 store credit
gamerchick39,$5 store credit
ghedoicy,$10 store credit
ghedoicy,$10 store credit
ghedoicy,$10 store credit
ghedoicy,$25 store credit
ghedoicy,$25 store credit
ghedoicy,$5 store credit
ghedoicy,$5 store credit
giaunit,$10 store credit
giaunit,$5 store credit
ginganinja8,$5 store credit
ginganinja8,$5 store credit
ginobili_fan,$5 store credit
ginobili_fan,$5 store credit
gozags,$10 store credit
gozags,$10 store credit
gozags,$10 store credit
gozags,$10 store credit
gozags,$10 store credit
gozags,$10 store credit
gozags,$10 store credit
gozags,$10 store credit
gozags,$10 store credit
gozags,$150 usdc
gozags,$25 store credit
gozags,$25 store credit
gozags,$5 store credit
gozags,$5 store credit
gozags,$5 store credit
gozags,$5 store credit
gozags,$5 store credit
gozags,$5 store credit
gozags,$5 store credit
gozags,$5 store credit
guvv,$10 store credit
guvv,$10 store credit
guvv,$10 store credit
guvv,$25 store credit
guvv,$5 store credit
guvv,$5 store credit
guvv,$5 store credit
heffery,$10 store credit
heffery,$10 store credit
heffery,$10 store credit
heffery,$25 store credit
heffery,$25 store credit
heffery,$5 store credit
heffery,$5 store credit
heffery,$5 store credit
heffery,$5 store credit
heffery,$5 store credit
iiiericiii,$10 store credit
iiiericiii,$10 store credit
iiiericiii,$10 store credit
iiiericiii,$150 usdc
iiiericiii,$5 store credit
iiiericiii,$5 store credit
iiiericiii,$5 store credit
iiiericiii,$5 store credit
iiiericiii,$5 store credit
infininight,$10 store credit
infininight,$10 store credit
infininight,$10 store credit
infininight,$10 store credit
infininight,$125 usdc
infininight,$5 store credit
infininight,$5 store credit
infininight,$5 store credit
infininight,$5 store credit
jalbo1,$10 store credit
jalbo1,$10 store credit
jalbo1,$25 store credit
jalbo1,$25 store credit
jalbo1,$25 store credit
jalbo1,$25 store credit
jalbo1,$2500 usdc
jalbo1,$5 store credit
jalbo1,$5 store credit
jalbo1,$5 store credit
james,$25 store credit
james,$5 store credit
jbatlfalcons,$10 store credit
jbatlfalcons,$25 store credit
jbatlfalcons,$5 store credit
jbatlfalcons,$5 store credit
jbbasics,$10 store credit
jbbasics,$10 store credit
jbbasics,$10 store credit
jbbasics,$10 store credit
jbbasics,$10 store credit
jbbasics,$25 store credit
jbbasics,$25 store credit
jbbasics,$25 store credit
jbbasics,$25 store credit
jbbasics,$5 store credit
jbbasics,$5 store credit
jbbasics,$5 store credit
jbbasics,$5 store credit
jbbasics,$5 store credit
jbbasics,$5 store credit
jbbasics,$50 usdc
jbrown1310,$10 store credit
jbrown1310,$5 store credit
jconc13,$5 store credit
jdbeltz,$10 store credit
jdbeltz,$10 store credit
jdbeltz,$10 store credit
jdbeltz,$10 store credit
jdbeltz,$10 store credit
jdbeltz,$10 store credit
jdbeltz,$10 store credit
jdbeltz,$25 store credit
jdbeltz,$5 store credit
jdbeltz,$5 store credit
jdbeltz,$5 store credit
jdbeltz,$5 store credit
jdbeltz,$5 store credit
jdbeltz,$5 store credit
jdbeltz,$5 store credit
jdbeltz,$5 store credit
jdbeltz,$5 store credit
jdbeltz,$5 store credit
jeffslugs,$10 store credit
jeffslugs,$10 store credit
jeffslugs,$10 store credit
jeffslugs,$250 usdc
jeffslugs,$5 store credit
jeffslugs,$5 store credit
jenkins,$5 store credit
jenndunn12m,$10 store credit
jenndunn12m,$10 store credit
jenndunn12m,$25 store credit
jenndunn12m,$25 store credit
jenndunn12m,$25 store credit
jenndunn12m,$5 store credit
jenndunn12m,$5 store credit
jenndunn12m,$5 store credit
jenndunn12m,$5 store credit
jenndunn12m,$5 store credit
jenndunn12m,$5 store credit
jetopps,$25 store credit
jimmyd,$10 store credit
jimmyd,$5 store credit
jimmys75,$10 store credit
jimmys75,$5 store credit
jimmys75,$5 store credit
jimmys75,$5 store credit
jimmys75,$5 store credit
jimmys75,$5 store credit
jjmccann2121,$10 store credit
jjmccann2121,$10 store credit
jjmccann2121,$10 store credit
jjmccann2121,$10 store credit
jjmccann2121,$25 store credit
jjmccann2121,$25 store credit
jjmccann2121,$25 store credit
jjmccann2121,$25 store credit
jjmccann2121,$25 store credit
jjmccann2121,$25 store credit
jjmccann2121,$250 usdc
jjmccann2121,$5 store credit
jjmccann2121,$5 store credit
jjmccann2121,$5 store credit
jjmccann2121,$5 store credit
jjmccann2121,$5 store credit
jjmccann2121,$5 store credit
jjmccann2121,$5 store credit
jjmccann2121,$5 store credit
jjmccann2121,$5 store credit
jjmccann2121,$5 store credit
jjmccann2121,$5 store credit
jjmccann2121,$5 store credit
jjmccann2121,$5 store credit
jmyers81,$10 store credit
jmyers81,$10 store credit
jmyers81,$5 store credit
jmyers81,$5 store credit
jmyers81,$5 store credit
johnnyclutchcards,$10 store credit
johnnyclutchcards,$10 store credit
johnnyclutchcards,$10 store credit
johnnyclutchcards,$25 store credit
johnnyclutchcards,$25 store credit
johnnyclutchcards,$5 store credit
johnnyclutchcards,$5 store credit
johnnyclutchcards,$5 store credit
johnnyclutchcards,$5 store credit
johnnyclutchcards,$5 store credit
johnnyclutchcards,$5 store credit
johnnyclutchcards,$5 store credit
johnnyclutchcards,$5 store credit
johnnyclutchcards,$5 store credit
johnnyclutchcards,$5 store credit
johnnyclutchcards,$5 store credit
johnnykpoker,$25 store credit
johnnykpoker,$25 store credit
jtpaving,$5 store credit
kobelaker824,$5 store credit
kphamilton,$10 store credit
kphamilton,$10 store credit
kphamilton,$25 store credit
kphamilton,$5 store credit
kphamilton,$5 store credit
kphamilton,$5 store credit
kphamilton,$5 store credit
kyled005,$10 store credit
kyled005,$10 store credit
kyled005,$10 store credit
kyled005,$10 store credit
kyled005,$10 store credit
kyled005,$10 store credit
kyled005,$25 store credit
kyled005,$25 store credit
kyled005,$5 store credit
kyled005,$5 store credit
kyled005,$5 store credit
kyled005,$5 store credit
kyled005,$5 store credit
kyled005,$5 store credit
kyled005,$5 store credit
landolakes,$5 store credit
landolakes,$5 store credit
landolakes,$5 store credit
landolakes,$5 store credit
leighham,$10 store credit
leighham,$10 store credit
leighham,$10 store credit
leighham,$25 store credit
leighham,$25 store credit
leighham,$25 store credit
leighham,$5 store credit
leighham,$5 store credit
leighham,$50 usdc
madvolker,$10 store credit
madvolker,$10 store credit
madvolker,$10 store credit
madvolker,$10 store credit
madvolker,$25 store credit
madvolker,$25 store credit
madvolker,$5 store credit
madvolker,$5 store credit
madvolker,$5 store credit
madvolker,$5 store credit
madvolker,$5 store credit
madvolker,$5 store credit
madvolker,$5 store credit
madvolker,$5 store credit
madvolker,$5 store credit
madvolker,$50 usdc
mambaout,$10 store credit
mambaout,$10 store credit
mambaout,$5 store credit
mattcook,$10 store credit
mattcook,$10 store credit
mattcook,$10 store credit
mattcook,$10 store credit
mattcook,$10 store credit
mattcook,$10 store credit
mattcook,$10 store credit
mattcook,$10 store credit
mattcook,$10 store credit
mattcook,$10 store credit
mattcook,$10 store credit
mattcook,$10 store credit
mattcook,$10 store credit
mattcook,$10 store credit
mattcook,$10 store credit
mattcook,$10 store credit
mattcook,$10 store credit
mattcook,$10 store credit
mattcook,$10 store credit
mattcook,$10 store credit
mattcook,$10 store credit
mattcook,$10 store credit
mattcook,$10 store credit
mattcook,$10 store credit
mattcook,$10 store credit
mattcook,$125 usdc
mattcook,$150 usdc
mattcook,$25 store credit
mattcook,$25 store credit
mattcook,$25 store credit
mattcook,$25 store credit
mattcook,$25 store credit
mattcook,$25 store credit
mattcook,$25 store credit
mattcook,$25 store credit
mattcook,$25 store credit
mattcook,$25 store credit
mattcook,$25 store credit
mattcook,$25 store credit
mattcook,$25 store credit
mattcook,$25 store credit
mattcook,$25 store credit
mattcook,$25 store credit
mattcook,$250 usdc
mattcook,$5 store credit
mattcook,$5 store credit
mattcook,$5 store credit
mattcook,$5 store credit
mattcook,$5 store credit
mattcook,$5 store credit
mattcook,$5 store credit
mattcook,$5 store credit
mattcook,$5 store credit
mattcook,$5 store credit
mattcook,$5 store credit
mattcook,$5 store credit
mattcook,$5 store credit
mattcook,$5 store credit
mattcook,$5 store credit
mattcook,$5 store credit
mattcook,$5 store credit
mattcook,$5 store credit
mattcook,$5 store credit
mattcook,$5 store credit
mattcook,$5 store credit
mattcook,$5 store credit
mattcook,$5 store credit
mattcook,$5 store credit
mattcook,$5 store credit
mattcook,$5 store credit
mattcook,$5 store credit
mattcook,$5 store credit
mattcook,$5 store credit
mattcook,$5 store credit
mattcook,$5 store credit
mattcook,$5 store credit
mattcook,$5 store credit
mattcook,$5 store credit
mattcook,$5 store credit
mattcook,$5 store credit
mattcook,$5 store credit
mattcook,$5 store credit
mattcook,$5 store credit
mattcook,$5 store credit
mattcook,$5 store credit
mattcook,$5 store credit
mattcook,$5 store credit
mattcook,$5 store credit
me-degen,$25 store credit
me-degen,$5 store credit
me-degen,$5 store credit
me-degen,$5 store credit
me-degen,$5 store credit
metajungle,$10 store credit
metajungle,$10 store credit
metajungle,$10 store credit
metajungle,$10 store credit
metajungle,$10 store credit
metajungle,$10 store credit
metajungle,$10 store credit
metajungle,$10 store credit
metajungle,$10 store credit
metajungle,$10 store credit
metajungle,$10 store credit
metajungle,$10 store credit
metajungle,$10 store credit
metajungle,$10 store credit
metajungle,$10 store credit
metajungle,$10 store credit
metajungle,$10 store credit
metajungle,$10 store credit
metajungle,$10 store credit
metajungle,$10 store credit
metajungle,$10 store credit
metajungle,$10 store credit
metajungle,$10 store credit
metajungle,$10 store credit
metajungle,$10 store credit
metajungle,$10 store credit
metajungle,$10 store credit
metajungle,$10 store credit
metajungle,$10 store credit
metajungle,$10 store credit
metajungle,$10 store credit
metajungle,$10 store credit
metajungle,$10 store credit
metajungle,$10 store credit
metajungle,$10 store credit
metajungle,$10 store credit
metajungle,$10 store credit
metajungle,$10 store credit
metajungle,$10 store credit
metajungle,$10 store credit
metajungle,$10 store credit
metajungle,$10 store credit
metajungle,$10 store credit
metajungle,$10 store credit
metajungle,$10 store credit
metajungle,$10 store credit
metajungle,$10 store credit
metajungle,$10 store credit
metajungle,$10 store credit
metajungle,$10 store credit
metajungle,$10 store credit
metajungle,$10 store credit
metajungle,$10 store credit
metajungle,$10 store credit
metajungle,$10 store credit
metajungle,$10 store credit
metajungle,$10 store credit
metajungle,$10 store credit
metajungle,$10 store credit
metajungle,$10 store credit
metajungle,$10 store credit
metajungle,$10 store credit
metajungle,$10 store credit
metajungle,$10 store credit
metajungle,$10 store credit
metajungle,$10 store credit
metajungle,$10 store credit
metajungle,$10 store credit
metajungle,$10 store credit
metajungle,$10 store credit
metajungle,$10 store credit
metajungle,$10 store credit
metajungle,$10 store credit
metajungle,$10 store credit
metajungle,$10 store credit
metajungle,$10 store credit
metajungle,$10 store credit
metajungle,$10 store credit
metajungle,$10 store credit
metajungle,$10 store credit
metajungle,$10 store credit
metajungle,$10 store credit
metajungle,$10 store credit
metajungle,$10 store credit
metajungle,$10 store credit
metajungle,$10 store credit
metajungle,$10 store credit
metajungle,$10 store credit
metajungle,$10 store credit
metajungle,$10 store credit
metajungle,$10 store credit
metajungle,$10 store credit
metajungle,$10 store credit
metajungle,$10 store credit
metajungle,$10 store credit
metajungle,$10 store credit
metajungle,$10 store credit
metajungle,$10 store credit
metajungle,$10 store credit
metajungle,$10 store credit
metajungle,$10 store credit
metajungle,$10 store credit
metajungle,$10 store credit
metajungle,$10 store credit
metajungle,$10 store credit
metajungle,$10 store credit
metajungle,$10 store credit
metajungle,$10 store credit
metajungle,$10 store credit
metajungle,$10 store credit
metajungle,$10 store credit
metajungle,$10 store credit
metajungle,$10 store credit
metajungle,$10 store credit
metajungle,$10 store credit
metajungle,$10 store credit
metajungle,$10 store credit
metajungle,$10 store credit
metajungle,$10 store credit
metajungle,$10 store credit
metajungle,$10 store credit
metajungle,$10 store credit
metajungle,$10 store credit
metajungle,$10 store credit
metajungle,$10 store credit
metajungle,$10 store credit
metajungle,$10 store credit
metajungle,$10 store credit
metajungle,$10 store credit
metajungle,$10 store credit
metajungle,$10 store credit
metajungle,$10 store credit
metajungle,$10 store credit
metajungle,$10 store credit
metajungle,$10 store credit
metajungle,$10 store credit
metajungle,$10000 usdc
metajungle,$125 usdc
metajungle,$125 usdc
metajungle,$125 usdc
metajungle,$150 usdc
metajungle,$150 usdc
metajungle,$150 usdc
metajungle,$25 store credit
metajungle,$25 store credit
metajungle,$25 store credit
metajungle,$25 store credit
metajungle,$25 store credit
metajungle,$25 store credit
metajungle,$25 store credit
metajungle,$25 store credit
metajungle,$25 store credit
metajungle,$25 store credit
metajungle,$25 store credit
metajungle,$25 store credit
metajungle,$25 store credit
metajungle,$25 store credit
metajungle,$25 store credit
metajungle,$25 store credit
metajungle,$25 store credit
metajungle,$25 store credit
metajungle,$25 store credit
metajungle,$25 store credit
metajungle,$25 store credit
metajungle,$25 store credit
metajungle,$25 store credit
metajungle,$25 store credit
metajungle,$25 store credit
metajungle,$25 store credit
metajungle,$25 store credit
metajungle,$25 store credit
metajungle,$25 store credit
metajungle,$25 store credit
metajungle,$25 store credit
metajungle,$25 store credit
metajungle,$25 store credit
metajungle,$25 store credit
metajungle,$25 store credit
metajungle,$25 store credit
metajungle,$25 store credit
metajungle,$25 store credit
metajungle,$25 store credit
metajungle,$25 store credit
metajungle,$25 store credit
metajungle,$25 store credit
metajungle,$25 store credit
metajungle,$25 store credit
metajungle,$25 store credit
metajungle,$25 store credit
metajungle,$25 store credit
metajungle,$25 store credit
metajungle,$25 store credit
metajungle,$25 store credit
metajungle,$25 store credit
metajungle,$25 store credit
metajungle,$25 store credit
metajungle,$25 store credit
metajungle,$25 store credit
metajungle,$25 store credit
metajungle,$25 store credit
metajungle,$25 store credit
metajungle,$25 store credit
metajungle,$25 store credit
metajungle,$25 store credit
metajungle,$25 store credit
metajungle,$25 store credit
metajungle,$25 store credit
metajungle,$25 store credit
metajungle,$25 store credit
metajungle,$25 store credit
metajungle,$25 store credit
metajungle,$250 usdc
metajungle,$250 usdc
metajungle,$5 store credit
metajungle,$5 store credit
metajungle,$5 store credit
metajungle,$5 store credit
metajungle,$5 store credit
metajungle,$5 store credit
metajungle,$5 store credit
metajungle,$5 store credit
metajungle,$5 store credit
metajungle,$5 store credit
metajungle,$5 store credit
metajungle,$5 store credit
metajungle,$5 store credit
metajungle,$5 store credit
metajungle,$5 store credit
metajungle,$5 store credit
metajungle,$5 store credit
metajungle,$5 store credit
metajungle,$5 store credit
metajungle,$5 store credit
metajungle,$5 store credit
metajungle,$5 store credit
metajungle,$5 store credit
metajungle,$5 store credit
metajungle,$5 store credit
metajungle,$5 store credit
metajungle,$5 store credit
metajungle,$5 store credit
metajungle,$5 store credit
metajungle,$5 store credit
metajungle,$5 store credit
metajungle,$5 store credit
metajungle,$5 store credit
metajungle,$5 store credit
metajungle,$5 store credit
metajungle,$5 store credit
metajungle,$5 store credit
metajungle,$5 store credit
metajungle,$5 store credit
metajungle,$5 store credit
metajungle,$5 store credit
metajungle,$5 store credit
metajungle,$5 store credit
metajungle,$5 store credit
metajungle,$5 store credit
metajungle,$5 store credit
metajungle,$5 store credit
metajungle,$5 store credit
metajungle,$5 store credit
metajungle,$5 store credit
metajungle,$5 store credit
metajungle,$5 store credit
metajungle,$5 store credit
metajungle,$5 store credit
metajungle,$5 store credit
metajungle,$5 store credit
metajungle,$5 store credit
metajungle,$5 store credit
metajungle,$5 store credit
metajungle,$5 store credit
metajungle,$5 store credit
metajungle,$5 store credit
metajungle,$5 store credit
metajungle,$5 store credit
metajungle,$5 store credit
metajungle,$5 store credit
metajungle,$5 store credit
metajungle,$5 store credit
metajungle,$5 store credit
metajungle,$5 store credit
metajungle,$5 store credit
metajungle,$5 store credit
metajungle,$5 store credit
metajungle,$5 store credit
metajungle,$5 store credit
metajungle,$5 store credit
metajungle,$5 store credit
metajungle,$5 store credit
metajungle,$5 store credit
metajungle,$5 store credit
metajungle,$5 store credit
metajungle,$5 store credit
metajungle,$5 store credit
metajungle,$5 store credit
metajungle,$5 store credit
metajungle,$5 store credit
metajungle,$5 store credit
metajungle,$5 store credit
metajungle,$5 store credit
metajungle,$5 store credit
metajungle,$5 store credit
metajungle,$5 store credit
metajungle,$5 store credit
metajungle,$5 store credit
metajungle,$5 store credit
metajungle,$5 store credit
metajungle,$5 store credit
metajungle,$5 store credit
metajungle,$5 store credit
metajungle,$5 store credit
metajungle,$5 store credit
metajungle,$5 store credit
metajungle,$5 store credit
metajungle,$5 store credit
metajungle,$5 store credit
metajungle,$5 store credit
metajungle,$5 store credit
metajungle,$5 store credit
metajungle,$5 store credit
metajungle,$5 store credit
metajungle,$5 store credit
metajungle,$5 store credit
metajungle,$5 store credit
metajungle,$5 store credit
metajungle,$5 store credit
metajungle,$5 store credit
metajungle,$5 store credit
metajungle,$5 store credit
metajungle,$5 store credit
metajungle,$5 store credit
metajungle,$5 store credit
metajungle,$5 store credit
metajungle,$5 store credit
metajungle,$5 store credit
metajungle,$5 store credit
metajungle,$5 store credit
metajungle,$5 store credit
metajungle,$5 store credit
metajungle,$5 store credit
metajungle,$5 store credit
metajungle,$5 store credit
metajungle,$5 store credit
metajungle,$5 store credit
metajungle,$5 store credit
metajungle,$5 store credit
metajungle,$5 store credit
metajungle,$5 store credit
metajungle,$5 store credit
metajungle,$5 store credit
metajungle,$5 store credit
metajungle,$5 store credit
metajungle,$5 store credit
metajungle,$5 store credit
metajungle,$5 store credit
metajungle,$5 store credit
metajungle,$5 store credit
metajungle,$5 store credit
metajungle,$5 store credit
metajungle,$5 store credit
metajungle,$5 store credit
metajungle,$5 store credit
metajungle,$5 store credit
metajungle,$5 store credit
metajungle,$5 store credit
metajungle,$5 store credit
metajungle,$5 store credit
metajungle,$5 store credit
metajungle,$5 store credit
metajungle,$5 store credit
metajungle,$5 store credit
metajungle,$5 store credit
metajungle,$5 store credit
metajungle,$5 store credit
metajungle,$5 store credit
metajungle,$5 store credit
metajungle,$5 store credit
metajungle,$5 store credit
metajungle,$5 store credit
metajungle,$5 store credit
metajungle,$5 store credit
metajungle,$5 store credit
metajungle,$5 store credit
metajungle,$5 store credit
metajungle,$5 store credit
metajungle,$5 store credit
metajungle,$5 store credit
metajungle,$5 store credit
metajungle,$5 store credit
metajungle,$5 store credit
metajungle,$5 store credit
metajungle,$5 store credit
metajungle,$5 store credit
metajungle,$5 store credit
metajungle,$5 store credit
metajungle,$5 store credit
metajungle,$5 store credit
metajungle,$5 store credit
metajungle,$5 store credit
metajungle,$5 store credit
metajungle,$5 store credit
metajungle,$5 store credit
metajungle,$5 store credit
metajungle,$5 store credit
metajungle,$5 store credit
metajungle,$5 store credit
metajungle,$5 store credit
metajungle,$5 store credit
metajungle,$5 store credit
metajungle,$5 store credit
metajungle,$5 store credit
metajungle,$5 store credit
metajungle,$5 store credit
metajungle,$5 store credit
metajungle,$5 store credit
metajungle,$5 store credit
metajungle,$5 store credit
metajungle,$5 store credit
metajungle,$5 store credit
metajungle,$5 store credit
metajungle,$5 store credit
metajungle,$5 store credit
metajungle,$5 store credit
metajungle,$5 store credit
metajungle,$5 store credit
metajungle,$5 store credit
metajungle,$5 store credit
metajungle,$5 store credit
metajungle,$5 store credit
metajungle,$5 store credit
metajungle,$5 store credit
metajungle,$5 store credit
metajungle,$5 store credit
metajungle,$5 store credit
metajungle,$5 store credit
metajungle,$5 store credit
metajungle,$5 store credit
metajungle,$5 store credit
metajungle,$5 store credit
metajungle,$5 store credit
metajungle,$5 store credit
metajungle,$5 store credit
metajungle,$5 store credit
metajungle,$5 store credit
metajungle,$5 store credit
metajungle,$5 store credit
metajungle,$5 store credit
metajungle,$5 store credit
metajungle,$5 store credit
metajungle,$5 store credit
metajungle,$5 store credit
metajungle,$5 store credit
metajungle,$5 store credit
metajungle,$5 store credit
metajungle,$5 store credit
metajungle,$5 store credit
metajungle,$5 store credit
metajungle,$5 store credit
metajungle,$5 store credit
metajungle,$5 store credit
metajungle,$5 store credit
metajungle,$5 store credit
metajungle,$5 store credit
metajungle,$5 store credit
metajungle,$5 store credit
metajungle,$5 store credit
metajungle,$5 store credit
metajungle,$5 store credit
metajungle,$5 store credit
metajungle,$5 store credit
metajungle,$5 store credit
metajungle,$5 store credit
metajungle,$5 store credit
metajungle,$5 store credit
metajungle,$5 store credit
metajungle,$5 store credit
metajungle,$5 store credit
metajungle,$5 store credit
metajungle,$50 usdc
metajungle,$50 usdc
mgmonaco11,$10 store credit
mgmonaco11,$25 store credit
mgmonaco11,$5 store credit
mikeyj10,$10 store credit
mikeyj10,$25 store credit
mikeyj10,$5 store credit
mikeyj10,$5 store credit
mikeyj10,$5 store credit
milvec,$10 store credit
milvec,$10 store credit
milvec,$10 store credit
milvec,$10000 usdc
milvec,$25 store credit
milvec,$25 store credit
milvec,$25 store credit
milvec,$25 store credit
milvec,$5 store credit
milvec,$5 store credit
milvec,$5 store credit
milvec,$5 store credit
milvec,$5 store credit
milvec,$5 store credit
milvec,$5 store credit
milvec,$5 store credit
misterdylan420,$5 store credit
mjno23goat,$10 store credit
mjno23goat,$10 store credit
mjno23goat,$10 store credit
mjno23goat,$25 store credit
mjno23goat,$25 store credit
mjno23goat,$25 store credit
mjno23goat,$25 store credit
mjno23goat,$5 store credit
mjno23goat,$5 store credit
mjzastrow1,$10 store credit
mjzastrow1,$25 store credit
mjzastrow1,$25 store credit
mjzastrow1,$5 store credit
mjzastrow1,$5 store credit
mjzastrow1,$5 store credit
mjzastrow1,$5 store credit
mjzastrow1,$5 store credit
mojaveo,$10 store credit
mojaveo,$5 store credit
mvenekam,$10 store credit
mvenekam,$10 store credit
mvenekam,$10 store credit
mvenekam,$10 store credit
mvenekam,$20000 usdc
mvenekam,$25 store credit
mvenekam,$5 store credit
mvenekam,$5 store credit
mvenekam,$5 store credit
mvenekam,$5 store credit
mvenekam,$500 usdc
netbe171,$10 store credit
netbe171,$25 store credit
netbe171,$5 store credit
netbe171,$5 store credit
netbe171,$5 store credit
netbe171,$5 store credit
newlin99,$10 store credit
newlin99,$10 store credit
newlin99,$10 store credit
newlin99,$25 store credit
newlin99,$5 store credit
newlin99,$5 store credit
newlin99,$5 store credit
niftymetagirl,$10 store credit
niftymetagirl,$10 store credit
niftymetagirl,$10 store credit
niftymetagirl,$10 store credit
niftymetagirl,$10 store credit
niftymetagirl,$10 store credit
niftymetagirl,$10 store credit
niftymetagirl,$10 store credit
niftymetagirl,$10 store credit
niftymetagirl,$10 store credit
niftymetagirl,$10 store credit
niftymetagirl,$10 store credit
niftymetagirl,$25 store credit
niftymetagirl,$25 store credit
niftymetagirl,$25 store credit
niftymetagirl,$25 store credit
niftymetagirl,$25 store credit
niftymetagirl,$5 store credit
niftymetagirl,$5 store credit
niftymetagirl,$5 store credit
niftymetagirl,$5 store credit
niftymetagirl,$5 store credit
niftymetagirl,$5 store credit
niftymetagirl,$5 store credit
niftymetagirl,$5 store credit
niftymetagirl,$5 store credit
niftymetagirl,$5 store credit
niftymetagirl,$5 store credit
niftymetagirl,$5 store credit
niftymetagirl,$5 store credit
niftymetagirl,$5 store credit
niftymetagirl,$5 store credit
niftymetagirl,$5 store credit
niftymetagirl,$5 store credit
niftymetagirl,$5 store credit
niftymetagirl,$5 store credit
niftymetagirl,$5 store credit
niftymetagirl,$5 store credit
niftymetagirl,$5 store credit
njzastrow1,$10 store credit
normclark,$5 store credit
ntrprzr,$25 store credit
ntrprzr,$25 store credit
nymcards,$10 store credit
nymcards,$5 store credit
odin7557,$5 store credit
odin7557,$5 store credit
odin7557,$5 store credit
odin7557,$5 store credit
og151,$10 store credit
og151,$10 store credit
og151,$10 store credit
og151,$25 store credit
og151,$5 store credit
og151,$5 store credit
og151,$5 store credit
omgiwon,$10 store credit
omgiwon,$10 store credit
omgiwon,$10 store credit
omgiwon,$10 store credit
omgiwon,$10 store credit
omgiwon,$10 store credit
omgiwon,$10 store credit
omgiwon,$10 store credit
omgiwon,$10 store credit
omgiwon,$10 store credit
omgiwon,$10 store credit
omgiwon,$10 store credit
omgiwon,$25 store credit
omgiwon,$25 store credit
omgiwon,$5 store credit
omgiwon,$5 store credit
omgiwon,$5 store credit
omgiwon,$5 store credit
omgiwon,$5 store credit
omgiwon,$5 store credit
omgiwon,$5 store credit
omgiwon,$5 store credit
omgiwon,$5 store credit
omgiwon,$5 store credit
omgiwon,$5 store credit
omgiwon,$5 store credit
omgiwon,$5 store credit
omgiwon,$5 store credit
omgiwon,$5 store credit
omgiwon,$5 store credit
omgiwon,$5 store credit
omgiwon,$5 store credit
omgiwon,$5 store credit
omgiwon,$5 store credit
omgiwon,$5 store credit
pajh07840,$5 store credit
pajh07840,$5 store credit
patelh121,$10 store credit
patelh121,$10 store credit
patelh121,$10 store credit
patelh121,$10 store credit
patelh121,$10 store credit
patelh121,$10 store credit
patelh121,$10 store credit
patelh121,$10 store credit
patelh121,$10 store credit
patelh121,$10 store credit
patelh121,$10 store credit
patelh121,$10 store credit
patelh121,$10 store credit
patelh121,$10 store credit
patelh121,$10 store credit
patelh121,$10 store credit
patelh121,$10 store credit
patelh121,$10 store credit
patelh121,$10 store credit
patelh121,$10 store credit
patelh121,$10 store credit
patelh121,$10 store credit
patelh121,$10 store credit
patelh121,$10 store credit
patelh121,$10 store credit
patelh121,$10 store credit
patelh121,$10 store credit
patelh121,$10 store credit
patelh121,$10 store credit
patelh121,$10 store credit
patelh121,$10 store credit
patelh121,$125 usdc
patelh121,$150 usdc
patelh121,$25 store credit
patelh121,$25 store credit
patelh121,$25 store credit
patelh121,$25 store credit
patelh121,$25 store credit
patelh121,$25 store credit
patelh121,$25 store credit
patelh121,$25 store credit
patelh121,$25 store credit
patelh121,$25 store credit
patelh121,$25 store credit
patelh121,$25 store credit
patelh121,$5 store credit
patelh121,$5 store credit
patelh121,$5 store credit
patelh121,$5 store credit
patelh121,$5 store credit
patelh121,$5 store credit
patelh121,$5 store credit
patelh121,$5 store credit
patelh121,$5 store credit
patelh121,$5 store credit
patelh121,$5 store credit
patelh121,$5 store credit
patelh121,$5 store credit
patelh121,$5 store credit
patelh121,$5 store credit
patelh121,$5 store credit
patelh121,$5 store credit
patelh121,$5 store credit
patelh121,$5 store credit
patelh121,$5 store credit
patelh121,$5 store credit
patelh121,$5 store credit
patelh121,$5 store credit
patelh121,$5 store credit
patelh121,$5 store credit
patelh121,$5 store credit
patelh121,$5 store credit
patelh121,$5 store credit
patelh121,$5 store credit
patelh121,$5 store credit
patelh121,$5 store credit
patelh121,$5 store credit
patelh121,$5 store credit
patelh121,$5 store credit
patelh121,$5 store credit
patelh121,$5 store credit
patelh121,$5 store credit
patelh121,$5 store credit
patelh121,$5 store credit
patelh121,$5 store credit
patelh121,$5 store credit
patelh121,$5 store credit
patelh121,$5 store credit
patelh121,$5 store credit
patelh121,$5 store credit
patelh121,$5 store credit
patelh121,$5 store credit
patelh121,$5 store credit
patelh121,$5 store credit
patelh121,$5 store credit
patelh121,$5 store credit
patelh121,$5 store credit
patelh121,$5 store credit
patelh121,$5 store credit
patelh121,$5 store credit
patelh121,$5 store credit
patelh121,$5 store credit
patelh121,$5 store credit
patelh121,$5 store credit
patelh121,$5 store credit
patelh121,$5 store credit
pcahiwat,$10 store credit
pcahiwat,$10 store credit
pcahiwat,$25 store credit
pcahiwat,$5 store credit
pcahiwat,$5 store credit
phanatik,$25 store credit
phillywill,$10 store credit
phillywill,$10 store credit
phillywill,$10 store credit
phillywill,$10 store credit
phillywill,$25 store credit
phillywill,$5 store credit
phillywill,$5 store credit
phillywill,$5 store credit
phillywill,$5 store credit
phillywill,$5 store credit
phillywill,$5 store credit
phillywill,$5 store credit
phillywill,$5 store credit
phillywill,$5 store credit
phillywill,$500 usdc
phisigfsu,$10 store credit
phisigfsu,$10 store credit
phisigfsu,$10 store credit
phisigfsu,$10 store credit
phisigfsu,$25 store credit
phisigfsu,$5 store credit
phisigfsu,$5 store credit
phisigfsu,$5 store credit
phisigfsu,$5 store credit
phisigfsu,$5 store credit
phisigfsu,$5 store credit
phisigfsu,$5 store credit
phisigfsu,$5 store credit
phisigfsu,$5 store credit
radishdijital,$5 store credit
radishkabal6,$10 store credit
radishkabal6,$10 store credit
radishkabal6,$10 store credit
radishkabal6,$10 store credit
radishkabal6,$10 store credit
radishkabal6,$10 store credit
radishkabal6,$10 store credit
radishkabal6,$10 store credit
radishkabal6,$10 store credit
radishkabal6,$10 store credit
radishkabal6,$10 store credit
radishkabal6,$10 store credit
radishkabal6,$10 store credit
radishkabal6,$10 store credit
radishkabal6,$10 store credit
radishkabal6,$10 store credit
radishkabal6,$10 store credit
radishkabal6,$1000 usdc
radishkabal6,$250 usdc
radishkabal6,$5 store credit
radishkabal6,$5 store credit
radishkabal6,$5 store credit
radishkabal6,$5 store credit
radishkabal6,$5 store credit
radishkabal6,$5 store credit
radishkabal6,$5 store credit
radishkabal6,$5 store credit
radishkabal6,$5 store credit
radishkabal6,$5 store credit
radishkabal6,$5 store credit
radishkabal6,$5 store credit
radishkabal6,$5 store credit
radishkabal6,$5 store credit
radishkabal6,$5 store credit
radishkabal6,$5 store credit
radishkabal6,$5 store credit
radishkabal6,$5 store credit
radishkabal6,$5 store credit
radishkabal6,$5 store credit
randorino99,$25 store credit
rilbiz,$10 store credit
rilbiz,$5 store credit
rilbiz,$5 store credit
rilbiz,$5 store credit
rilbiz,$50 usdc
rjj007,$10 store credit
rjj007,$25 store credit
robertk,$5 store credit
robp343,$10 store credit
robp343,$5 store credit
robp343,$5 store credit
robp343,$5 store credit
robp343,$5 store credit
robp343,$5 store credit
robp343,$5 store credit
robp343,$5 store credit
rockitect,$5 store credit
rodie4,$10 store credit
rodie4,$10 store credit
rodie4,$25 store credit
ronfresco,$10 store credit
ronfresco,$10 store credit
ronfresco,$10 store credit
ronfresco,$10 store credit
ronfresco,$10 store credit
ronfresco,$10 store credit
ronfresco,$10 store credit
ronfresco,$10 store credit
ronfresco,$10 store credit
ronfresco,$10 store credit
ronfresco,$10 store credit
ronfresco,$10 store credit
ronfresco,$10 store credit
ronfresco,$10 store credit
ronfresco,$10 store credit
ronfresco,$10 store credit
ronfresco,$10 store credit
ronfresco,$10 store credit
ronfresco,$10 store credit
ronfresco,$10 store credit
ronfresco,$10 store credit
ronfresco,$10 store credit
ronfresco,$10 store credit
ronfresco,$10 store credit
ronfresco,$10 store credit
ronfresco,$10 store credit
ronfresco,$10 store credit
ronfresco,$10 store credit
ronfresco,$10 store credit
ronfresco,$10 store credit
ronfresco,$10 store credit
ronfresco,$125 usdc
ronfresco,$25 store credit
ronfresco,$25 store credit
ronfresco,$25 store credit
ronfresco,$25 store credit
ronfresco,$25 store credit
ronfresco,$25 store credit
ronfresco,$25 store credit
ronfresco,$25 store credit
ronfresco,$25 store credit
ronfresco,$25 store credit
ronfresco,$25 store credit
ronfresco,$25 store credit
ronfresco,$25 store credit
ronfresco,$25 store credit
ronfresco,$25 store credit
ronfresco,$250 usdc
ronfresco,$250 usdc
ronfresco,$5 store credit
ronfresco,$5 store credit
ronfresco,$5 store credit
ronfresco,$5 store credit
ronfresco,$5 store credit
ronfresco,$5 store credit
ronfresco,$5 store credit
ronfresco,$5 store credit
ronfresco,$5 store credit
ronfresco,$5 store credit
ronfresco,$5 store credit
ronfresco,$5 store credit
ronfresco,$5 store credit
ronfresco,$5 store credit
ronfresco,$5 store credit
ronfresco,$5 store credit
ronfresco,$5 store credit
ronfresco,$5 store credit
ronfresco,$5 store credit
ronfresco,$5 store credit
ronfresco,$5 store credit
ronfresco,$5 store credit
ronfresco,$5 store credit
ronfresco,$5 store credit
ronfresco,$5 store credit
ronfresco,$5 store credit
ronfresco,$5 store credit
ronfresco,$5 store credit
ronfresco,$5 store credit
ronfresco,$5 store credit
ronfresco,$5 store credit
ronfresco,$5 store credit
ronfresco,$5 store credit
ronfresco,$5 store credit
ronfresco,$5 store credit
ronfresco,$5 store credit
ronfresco,$5 store credit
ronfresco,$5 store credit
ronfresco,$5 store credit
ronfresco,$5 store credit
ronfresco,$5 store credit
ronfresco,$5 store credit
ronfresco,$5 store credit
ronfresco,$5 store credit
ronfresco,$5 store credit
ronfresco,$5 store credit
ronfresco,$5 store credit
ronfresco,$5 store credit
ronfresco,$5 store credit
ronfresco,$5 store credit
ronfresco,$5 store credit
ronfresco,$5 store credit
ronfresco,$5 store credit
ronfresco,$5 store credit
ronfresco,$5 store credit
ronfresco,$5 store credit
ronfresco,$5 store credit
ronfresco,$5 store credit
ronfresco,$5 store credit
ronfresco,$5 store credit
ronfresco,$5 store credit
ronfresco,$5 store credit
ronfresco,$5 store credit
ronfresco,$5 store credit
ronfresco,$5 store credit
ronfresco,$5 store credit
ronfresco,$5 store credit
ronfresco,$5 store credit
rooktiss,$5 store credit
roux1310,$10 store credit
roux1310,$10 store credit
roux1310,$10 store credit
roux1310,$10 store credit
roux1310,$25 store credit
roux1310,$25 store credit
roux1310,$5 store credit
roux1310,$5 store credit
roux1310,$5 store credit
roux1310,$5 store credit
roux1310,$5 store credit
roux1310,$5 store credit
roux1310,$5 store credit
roux1310,$5 store credit
roux1310,$5 store credit
roux1310,$5 store credit
roux1310,$5 store credit
roux1310,$5 store credit
roux1310,$500 usdc
roux1310,$500 usdc
ruxy,$5 store credit
ruxy,$5 store credit
sashka25,$5 store credit
sashka25,$5 store credit
sbbears,$5 store credit
schmoe,$10 store credit
schmoe,$10 store credit
schmoe,$10 store credit
schmoe,$10 store credit
schmoe,$10 store credit
schmoe,$10 store credit
schmoe,$10 store credit
schmoe,$10 store credit
schmoe,$10 store credit
schmoe,$10 store credit
schmoe,$10 store credit
schmoe,$10 store credit
schmoe,$10 store credit
schmoe,$10 store credit
schmoe,$10 store credit
schmoe,$10 store credit
schmoe,$10 store credit
schmoe,$10 store credit
schmoe,$10 store credit
schmoe,$10 store credit
schmoe,$10 store credit
schmoe,$10 store credit
schmoe,$10 store credit
schmoe,$10 store credit
schmoe,$10 store credit
schmoe,$10 store credit
schmoe,$10 store credit
schmoe,$10 store credit
schmoe,$25 store credit
schmoe,$25 store credit
schmoe,$25 store credit
schmoe,$25 store credit
schmoe,$25 store credit
schmoe,$25 store credit
schmoe,$25 store credit
schmoe,$25 store credit
schmoe,$25 store credit
schmoe,$25 store credit
schmoe,$25 store credit
schmoe,$25 store credit
schmoe,$25 store credit
schmoe,$250 usdc
schmoe,$5 store credit
schmoe,$5 store credit
schmoe,$5 store credit
schmoe,$5 store credit
schmoe,$5 store credit
schmoe,$5 store credit
schmoe,$5 store credit
schmoe,$5 store credit
schmoe,$5 store credit
schmoe,$5 store credit
schmoe,$5 store credit
schmoe,$5 store credit
schmoe,$5 store credit
schmoe,$5 store credit
schmoe,$5 store credit
schmoe,$5 store credit
schmoe,$5 store credit
schmoe,$5 store credit
schmoe,$5 store credit
schmoe,$5 store credit
schmoe,$5 store credit
schmoe,$5 store credit
schmoe,$5 store credit
schmoe,$5 store credit
schmoe,$5 store credit
schmoe,$5 store credit
schmoe,$5 store credit
schmoe,$5 store credit
schmoe,$5 store credit
schmoe,$5 store credit
schmoe,$5 store credit
schmoe,$5 store credit
schmoe,$5 store credit
schmoe,$5 store credit
schmoe,$5 store credit
schmoe,$5 store credit
schmoe,$5 store credit
schmoe,$5 store credit
schmoe,$5 store credit
schmoe,$5 store credit
schmoe,$5 store credit
schmoe,$5 store credit
schmoe,$5 store credit
schmoe,$5 store credit
schmoe,$5 store credit
schmoe,$5 store credit
schmoe,$5 store credit
schmoe,$5 store credit
schmoe,$5 store credit
schmoe,$5 store credit
schmoe,$5 store credit
schmoe,$5 store credit
sdyote,$10 store credit
sdyote,$10 store credit
sdyote,$10 store credit
sdyote,$2500 usdc
sdyote,$5 store credit
sdyote,$5 store credit
sdyote,$5 store credit
sdyote,$5 store credit
sdyote,$5 store credit
sdyote,$5 store credit
sdyote,$5 store credit
sdyote,$5 store credit
sdyote,$5 store credit
sdyote,$5 store credit
sdyote,$5 store credit
sdyote,$5 store credit
shawn120,$10 store credit
shawn120,$5 store credit
sheltronica,$10 store credit
sheltronica,$25 store credit
sheltronica,$5 store credit
sheltronica,$5 store credit
sheltronica,$5 store credit
shua,$5 store credit
shudog,$10 store credit
shudog,$5 store credit
shudog,$5 store credit
shudog,$5 store credit
skybo53,$10 store credit
skybo53,$10 store credit
skybo53,$5 store credit
skybo53,$5 store credit
smashngrab77,$10 store credit
smashngrab77,$10 store credit
smashngrab77,$10 store credit
smashngrab77,$10 store credit
smashngrab77,$10 store credit
smashngrab77,$10 store credit
smashngrab77,$10 store credit
smashngrab77,$10 store credit
smashngrab77,$10 store credit
smashngrab77,$10 store credit
smashngrab77,$10 store credit
smashngrab77,$10 store credit
smashngrab77,$25 store credit
smashngrab77,$25 store credit
smashngrab77,$25 store credit
smashngrab77,$25 store credit
smashngrab77,$25 store credit
smashngrab77,$25 store credit
smashngrab77,$25 store credit
smashngrab77,$5 store credit
smashngrab77,$5 store credit
smashngrab77,$5 store credit
smashngrab77,$5 store credit
smashngrab77,$5 store credit
smashngrab77,$5 store credit
smashngrab77,$5 store credit
smashngrab77,$5 store credit
smashngrab77,$5 store credit
smashngrab77,$5 store credit
smashngrab77,$5 store credit
smashngrab77,$5 store credit
smashngrab77,$5 store credit
smashngrab77,$5 store credit
smashngrab77,$5 store credit
smashngrab77,$5 store credit
steffen2121,$10 store credit
steffen2121,$10 store credit
steffen2121,$25 store credit
steffen2121,$25 store credit
steffen2121,$25 store credit
steffen2121,$25 store credit
steffen2121,$5 store credit
steffen2121,$5 store credit
steffen2121,$5 store credit
steffen2121,$5 store credit
steffen2121,$5 store credit
subhubgrading,$5 store credit
subhubgrading,$5 store credit
subhubgrading,$5 store credit
texhooper,$10 store credit
texhooper,$10 store credit
texhooper,$5 store credit
texhooper,$5 store credit
thampster,$10 store credit
thampster,$10 store credit
thampster,$10 store credit
thampster,$10 store credit
thampster,$10 store credit
thampster,$10 store credit
thampster,$10 store credit
thampster,$25 store credit
thampster,$5 store credit
thampster,$5 store credit
thampster,$5 store credit
thampster,$5 store credit
the_legend,$5 store credit
thecardfarmers,$25 store credit
thegoat,$10 store credit
thegoat,$25 store credit
thegoat,$5 store credit
thegoat,$5 store credit
thegoat,$5 store credit
thegoat,$5 store credit
thegoat,$5 store credit
thegoat,$5 store credit
thegoat,$5 store credit
thegoat,$5 store credit
theripper,$25 store credit
theripper,$25 store credit
theripper,$5 store credit
thestranger,$10 store credit
thestranger,$25 store credit
thestranger,$25 store credit
thestranger,$5 store credit
thestranger,$5 store credit
thestranger,$5 store credit
thestranger,$5 store credit
thestranger,$5 store credit
thestranger,$5 store credit
thestranger,$5 store credit
thestranger,$5 store credit
thestranger,$5 store credit
timmay_castags,$5 store credit
timmay_castags,$5 store credit
titomachado,$10 store credit
titomachado,$10 store credit
titomachado,$10 store credit
titomachado,$10 store credit
titomachado,$10 store credit
titomachado,$25 store credit
titomachado,$5 store credit
titomachado,$5 store credit
titomachado,$5 store credit
titomachado,$5 store credit
titomachado,$5 store credit
titomachado,$5 store credit
titomachado,$5 store credit
todaysspecial,$5 store credit
topherjack,$5 store credit
tsage225,$10 store credit
tsage225,$10 store credit
tsage225,$10 store credit
tsage225,$25 store credit
tsage225,$25 store credit
tsage225,$5 store credit
tsage225,$5 store credit
tsage225,$5 store credit
tt9s,$10 store credit
tt9s,$25 store credit
tt9s,$5 store credit
tt9s,$5 store credit
tt9s,$5 store credit
tt9s,$5 store credit
uahjames,$25 store credit
varcak,$5 store credit
viking91107,$10 store credit
viking91107,$10 store credit
viking91107,$10 store credit
viking91107,$10 store credit
viking91107,$10 store credit
viking91107,$25 store credit
viking91107,$25 store credit
viking91107,$5 store credit
viking91107,$5 store credit
viking91107,$5 store credit
viking91107,$5 store credit
viking91107,$5 store credit
viking91107,$5 store credit
viking91107,$5 store credit
viking91107,$5 store credit
viking91107,$5 store credit
viking91107,$5 store credit
viking91107,$5 store credit
viking91107,$5 store credit
vinnymac11,$5 store credit
weasel368,$10 store credit
westau,$5 store credit
whodat13,$5 store credit
wisrhino,$10 store credit
wisrhino,$10 store credit
wisrhino,$10 store credit
wisrhino,$125 usdc
wisrhino,$150 usdc
wisrhino,$25 store credit
wisrhino,$5 store credit
wisrhino,$5 store credit
wisrhino,$5 store credit
wisrhino,$5 store credit
wisrhino,$5 store credit
wisrhino,$5 store credit
wisrhino,$5 store credit
wisrhino,$5 store credit
wisrhino,$50 usdc
xheryk,$10 store credit
xheryk,$10 store credit
xheryk,$10 store credit
xheryk,$10 store credit
xheryk,$10 store credit
xheryk,$10 store credit
xheryk,$10 store credit
xheryk,$10 store credit
xheryk,$10 store credit
xheryk,$10 store credit
xheryk,$10 store credit
xheryk,$10 store credit
xheryk,$10 store credit
xheryk,$10 store credit
xheryk,$10 store credit
xheryk,$10 store credit
xheryk,$10 store credit
xheryk,$10 store credit
xheryk,$10 store credit
xheryk,$10 store credit
xheryk,$10 store credit
xheryk,$10 store credit
xheryk,$10 store credit
xheryk,$10 store credit
xheryk,$10 store credit
xheryk,$10 store credit
xheryk,$150 usdc
xheryk,$25 store credit
xheryk,$25 store credit
xheryk,$25 store credit
xheryk,$5 store credit
xheryk,$5 store credit
xheryk,$5 store credit
xheryk,$5 store credit
xheryk,$5 store credit
xheryk,$5 store credit
xheryk,$5 store credit
xheryk,$5 store credit
xheryk,$5 store credit
xheryk,$5 store credit
xheryk,$5 store credit
xheryk,$5 store credit
xheryk,$5 store credit
xheryk,$5 store credit
xheryk,$5 store credit
xheryk,$5 store credit
xheryk,$5 store credit
xheryk,$5 store credit
xheryk,$5 store credit
xheryk,$5 store credit
xheryk,$5 store credit
xheryk,$5 store credit
xheryk,$5 store credit
xheryk,$5 store credit
xheryk,$5 store credit
xheryk,$5 store credit
xheryk,$5 store credit
xheryk,$5 store credit
xheryk,$5 store credit
xheryk,$5 store credit
xheryk,$5 store credit
xheryk,$5 store credit
xheryk,$5 store credit
xheryk,$5 store credit
xheryk,$5 store credit
xheryk,$5 store credit
xheryk,$5 store credit
xheryk,$5 store credit
xheryk,$5 store credit
yop7,$5 store credit
yop7,$5 store credit
yop7,$5 store credit
yoyo909,$10 store credit
yoyo909,$10 store credit
yoyo909,$10 store credit
yoyo909,$25 store credit
yoyo909,$25 store credit
yoyo909,$25 store credit
yoyo909,$25 store credit
yoyo909,$25 store credit
yoyo909,$5 store credit
yoyo909,$5 store credit
yoyo909,$5 store credit
